"","Team","S","Kills","Errors","Total.Attacks","Hitting.Pct.","X","Y","Wins","Losses","Win.Pct","Ace.Pct","Serving.Error.Pct"
"1","Adrian",86,939,518,3282,0.128,0.286106032906764,0.157830591102986,13,10,0.565,NA,NA
"2","Albertus Magnus",105,660,568,2820,0.033,0.234042553191489,0.201418439716312,6,25,0.194,NA,NA
"3","Albion",111,1382,468,3740,0.244,0.36951871657754,0.125133689839572,25,6,0.806,0.094,0.082
"4","Albright",79,758,368,2431,0.16,0.311805841217606,0.151378033730975,10,13,0.435,NA,NA
"5","Alfred",65,565,392,2115,0.082,0.267139479905437,0.185342789598109,5,13,0.278,NA,NA
"6","Alfred St.",100,1132,442,3312,0.208,0.341787439613527,0.133454106280193,21,7,0.75,NA,NA
"7","Allegheny",104,1149,531,3683,0.168,0.311973934292696,0.144175943524301,17,12,0.586,NA,NA
"8","Alma",91,879,531,3138,0.111,0.280114722753346,0.169216061185468,7,18,0.28,0.065,0.065
"9","Alvernia",84,888,434,2800,0.162,0.317142857142857,0.155,10,14,0.417,NA,NA
"10","Alverno",86,855,428,2890,0.148,0.295847750865052,0.148096885813149,5,20,0.2,0.082,0.101
"11","Amherst",78,942,409,2870,0.186,0.328222996515679,0.142508710801394,14,7,0.667,0.072,0.056
"12","Anderson (IN)",83,998,484,3179,0.162,0.313935199748349,0.152249134948097,11,12,0.478,NA,NA
"13","Anna Maria",80,537,407,2252,0.058,0.238454706927176,0.180728241563055,3,20,0.13,NA,NA
"14","Arcadia",102,1193,544,3734,0.174,0.319496518478843,0.145688269951794,19,9,0.679,NA,NA
"15","Augsburg",89,1108,420,3168,0.217,0.349747474747475,0.132575757575758,17,8,0.68,NA,NA
"16","Augustana (IL)",115,1257,605,4051,0.161,0.310293754628487,0.149345840533202,17,12,0.586,0.09,0.071
"17","Aurora",111,1417,560,3932,0.218,0.360376398779247,0.142421159715158,22,10,0.688,0.096,0.084
"18","Austin",115,1289,627,4195,0.158,0.307270560190703,0.149463647199046,16,17,0.485,0.056,0.095
"19","Averett",116,1407,616,4096,0.193,0.343505859375,0.150390625,20,11,0.645,NA,NA
"20","Babson",114,1363,632,3915,0.187,0.348148148148148,0.161430395913155,22,9,0.71,0.092,0.131
"21","Baldwin Wallace",86,1012,568,3127,0.142,0.323632874960026,0.181643748001279,13,11,0.542,0.075,0.068
"22","Bard",91,774,489,2672,0.107,0.289670658682635,0.183008982035928,8,18,0.308,0.096,0.192
"23","Baruch",103,959,666,3451,0.085,0.27789046653144,0.192987539843524,15,15,0.5,NA,NA
"24","Bates",78,694,471,2567,0.087,0.27035449941566,0.183482664589014,6,17,0.261,0.12,0.118
"25","Belhaven",98,840,580,2860,0.091,0.293706293706294,0.202797202797203,10,18,0.357,NA,NA
"26","Beloit",87,729,462,3100,0.086,0.235161290322581,0.149032258064516,7,17,0.292,0.065,0.089
"27","Benedictine (IL)",99,1012,488,3540,0.148,0.285875706214689,0.137853107344633,14,14,0.5,0.108,0.108
"28","Berea",114,1356,597,4237,0.179,0.320037762567855,0.140901581307529,21,9,0.7,0.039,0.117
"29","Berry",105,1397,437,3798,0.253,0.367825171142707,0.11506055818852,25,5,0.833,0.044,0.147
"30","Bethany (WV)",120,1363,735,4407,0.143,0.309280689811663,0.166780122532335,17,13,0.567,0.1,0.118
"31","Bethany Lutheran",91,822,548,2958,0.093,0.27789046653144,0.18526031102096,8,18,0.308,NA,NA
"32","Bethel (MN)",97,1248,483,3616,0.212,0.345132743362832,0.133573008849558,16,10,0.615,0.069,0.11
"33","Birmingham-So.",110,1352,599,3920,0.192,0.344897959183673,0.15280612244898,19,9,0.679,NA,NA
"34","Blackburn",95,881,571,3392,0.091,0.259728773584906,0.168337264150943,5,22,0.185,0,0.087
"35","Bluffton",104,1178,582,3607,0.165,0.326587191571943,0.161352924868312,16,11,0.593,NA,NA
"36","Bob Jones",129,1612,743,4742,0.183,0.33994095318431,0.156684943061999,27,12,0.692,NA,NA
"37","Bowdoin",81,925,409,2840,0.182,0.325704225352113,0.144014084507042,13,10,0.565,0.105,0.103
"38","Brandeis",93,1053,471,3167,0.184,0.332491316703505,0.148721187243448,13,15,0.464,0.089,0.086
"39","Brevard",101,1002,503,3535,0.141,0.283451202263083,0.142291371994342,6,21,0.222,NA,NA
"40","Bridgewater (VA)",103,1122,508,3364,0.183,0.333531510107015,0.151010701545779,17,12,0.586,NA,NA
"41","Bridgewater St.",68,660,385,2072,0.133,0.318532818532819,0.185810810810811,9,11,0.45,NA,NA
"42","Brooklyn",103,991,541,3154,0.143,0.314204185161699,0.171528218135701,17,14,0.548,NA,NA
"43","Bryn Athyn",58,247,245,1189,0.002,0.207737594617325,0.20605550883095,3,15,0.167,NA,NA
"44","Bryn Mawr",71,500,377,2019,0.061,0.247647350173353,0.186726102030708,6,15,0.286,0.079,0.109
"45","Buena Vista",98,1099,521,3501,0.165,0.313910311339617,0.148814624393031,13,12,0.52,NA,NA
"46","Buffalo St.",86,877,512,3080,0.119,0.28474025974026,0.166233766233766,12,12,0.5,NA,NA
"47","Cabrini",119,1356,580,4116,0.189,0.329446064139942,0.140913508260447,22,13,0.629,NA,NA
"48","Cairn",87,885,378,3012,0.168,0.293824701195219,0.125498007968127,18,6,0.75,0.089,0.044
"49","Cal Lutheran",99,1154,471,3242,0.211,0.355953115360888,0.145280690931524,16,10,0.615,NA,NA
"50","Caltech",73,769,412,2505,0.143,0.306986027944112,0.164471057884232,8,12,0.4,0.075,0.096
"51","Calvin",105,1426,430,3802,0.262,0.37506575486586,0.113098369279327,27,4,0.871,NA,NA
"52","Capital",93,993,600,3446,0.114,0.288160185722577,0.174114915844457,8,18,0.308,NA,NA
"53","Carleton",81,863,416,2684,0.167,0.321535022354694,0.154992548435171,5,17,0.227,0.085,0.043
"54","Carnegie Mellon",114,1376,584,4418,0.179,0.311453146220009,0.132186509732911,21,9,0.7,0.09,0.075
"55","Carroll (WI)",111,1192,616,3807,0.151,0.31310743367481,0.16180719726819,15,14,0.517,0.094,0.096
"56","Carthage",120,1411,567,4081,0.207,0.34574859103161,0.13893653516295,21,9,0.7,NA,NA
"57","Castleton",81,595,395,2427,0.082,0.245158632056036,0.162752369180058,5,20,0.2,NA,NA
"58","Catholic",111,1228,594,3551,0.179,0.34581807941425,0.16727682343002,15,16,0.484,NA,NA
"59","Cazenovia",103,792,579,3242,0.066,0.244293645897594,0.17859346082665,10,18,0.357,NA,NA
"60","CCNY",67,550,360,2069,0.092,0.265828902851619,0.173997100048333,10,10,0.5,NA,NA
"61","Cedar Crest",75,737,371,2361,0.155,0.312155866158407,0.15713680643795,13,9,0.591,NA,NA
"62","Centenary (LA)",124,1281,792,4467,0.109,0.286769644056414,0.177300201477502,10,24,0.294,NA,NA
"63","Centenary (NJ)",80,677,393,2408,0.118,0.281146179401993,0.163205980066445,10,14,0.417,0.059,0.129
"64","Central (IA)",89,984,493,3143,0.156,0.313076678332803,0.156856506522431,10,15,0.4,NA,NA
"65","Centre",107,1330,642,4021,0.171,0.330763491668739,0.159661775677692,19,8,0.704,0.069,0.069
"66","Chapman",86,1006,497,3171,0.161,0.317250078839483,0.15673289183223,9,15,0.375,NA,NA
"67","Chatham",99,1201,574,4350,0.144,0.276091954022989,0.131954022988506,14,12,0.538,NA,NA
"68","Chris. Newport",139,1706,789,5057,0.181,0.337354162546965,0.156021356535495,23,14,0.622,NA,NA
"69","Claremont-M-S",99,1457,404,3349,0.314,0.43505524037026,0.120633024783517,30,1,0.968,0.143,0.088
"70","Clark (MA)",98,979,471,3240,0.157,0.30216049382716,0.14537037037037,12,16,0.429,0.075,0.081
"71","Clarkson",94,1113,525,3290,0.179,0.338297872340426,0.159574468085106,16,11,0.593,0.102,0.029
"72","CMSV",66,541,453,2173,0.04,0.248964565117349,0.208467556373677,4,16,0.2,NA,NA
"73","Coast Guard",92,1019,495,3039,0.172,0.335307666995722,0.162882527147088,18,8,0.692,0.112,0.112
"74","Cobleskill St.",80,722,541,2676,0.068,0.269805680119581,0.202167414050822,5,18,0.217,NA,NA
"75","Coe",124,1542,586,4606,0.208,0.334780720798958,0.127225358228398,27,6,0.818,0.091,0.068
"76","Colby",84,989,492,2954,0.168,0.334800270819228,0.166553825321598,14,9,0.609,0.095,0.093
"77","Colby-Sawyer",98,943,532,3156,0.13,0.298795944233207,0.168567807351077,9,18,0.333,NA,NA
"78","Colorado Col.",110,1479,581,4202,0.214,0.351975249881009,0.138267491670633,21,9,0.7,0.082,0.088
"79","Concordia (TX)",89,1074,547,3516,0.15,0.305460750853242,0.155574516496018,12,11,0.522,NA,NA
"80","Concordia Chicago",90,891,544,3092,0.112,0.288163001293661,0.175937904269082,11,14,0.44,0.086,0.085
"81","Concordia Wisconsin",103,1331,522,3694,0.219,0.360314022739578,0.141310232809962,19,8,0.704,0.081,0.083
"82","Concordia-M'head",91,1038,509,3692,0.143,0.281148429035753,0.137865655471289,9,15,0.375,NA,NA
"83","Connecticut Col.",77,854,437,2711,0.154,0.315012910365179,0.16119513094799,7,14,0.333,0.063,0.067
"84","Cornell College",101,1298,486,3727,0.218,0.348269385564797,0.130399785350148,22,8,0.733,0.072,0.064
"85","Covenant",113,1320,576,4007,0.186,0.329423508859496,0.143748440229598,21,12,0.636,NA,NA
"86","Crown (MN)",87,557,452,2554,0.041,0.218089271730619,0.176977290524667,2,25,0.074,NA,NA
"87","Curry",89,618,494,2705,0.046,0.228465804066543,0.182624768946396,4,22,0.154,NA,NA
"88","CWRU",99,1238,492,3442,0.217,0.359674607786171,0.142940151074956,22,6,0.786,0.074,0.095
"89","Dallas",102,1101,610,3679,0.133,0.299266104919815,0.16580592552324,9,19,0.321,0.189,0.135
"90","Dean",98,672,509,2848,0.057,0.235955056179775,0.17872191011236,6,23,0.207,NA,NA
"91","Defiance",81,690,468,2690,0.083,0.256505576208178,0.173977695167286,4,19,0.174,NA,NA
"92","Delaware Valley",80,775,513,2854,0.092,0.271548703573931,0.179747722494744,12,10,0.545,NA,NA
"93","Denison",102,1154,541,3617,0.169,0.319048935581974,0.149571468067459,13,13,0.5,NA,NA
"94","DePauw",94,986,454,3214,0.166,0.306782825140012,0.141257000622278,9,16,0.36,0.062,0.098
"95","DeSales",110,1194,642,3682,0.15,0.324280282455187,0.174361759913091,18,14,0.562,0.178,0.082
"96","Dickinson",82,896,428,2699,0.173,0.331974805483512,0.158577250833642,13,11,0.542,NA,NA
"97","Dominican (IL)",89,933,464,3103,0.151,0.300676764421528,0.149532710280374,7,17,0.292,0.075,0.084
"98","Drew",103,1202,560,3908,0.164,0.307574206755374,0.143295803480041,17,12,0.586,NA,NA
"99","Dubuque",111,1284,520,4101,0.186,0.313094367227505,0.126798341867837,11,18,0.379,0.087,0.094
"100","Earlham",116,1281,658,4155,0.15,0.308303249097473,0.158363417569194,14,16,0.467,0.167,0.067
"101","East Tex. Baptist",101,1338,576,4001,0.19,0.334416395901025,0.143964008997751,20,7,0.741,0.176,0.054
"102","East. Mennonite",79,834,439,2513,0.157,0.331874253879825,0.174691603660963,8,14,0.364,NA,NA
"103","Eastern",105,1264,542,3560,0.203,0.355056179775281,0.152247191011236,24,6,0.8,NA,NA
"104","Eastern Conn. St.",86,1038,454,2903,0.201,0.357561143644506,0.15638994143989,15,10,0.6,0.075,0.075
"105","Eastern Nazarene",85,1005,390,2621,0.235,0.383441434566959,0.148798168637924,23,2,0.92,0.173,0.112
"106","Edgewood",105,1288,597,3808,0.181,0.338235294117647,0.156775210084034,20,10,0.667,0.092,0.081
"107","Elizabethtown",106,1249,485,3777,0.202,0.33068572941488,0.128408790045009,23,7,0.767,NA,NA
"108","Elmhurst",104,1222,606,3675,0.168,0.332517006802721,0.164897959183673,7,19,0.269,0.081,0.096
"109","Elmira",106,956,623,3252,0.102,0.293972939729397,0.191574415744157,8,20,0.286,0.053,0.201
"110","Elms",102,997,506,3560,0.138,0.280056179775281,0.142134831460674,12,17,0.414,0.089,0.162
"111","Emerson",79,960,375,2594,0.226,0.370084811102544,0.144564379336931,18,5,0.783,0.104,0.079
"112","Emmanuel (MA)",90,769,566,2828,0.072,0.271923620933522,0.2001414427157,7,18,0.28,0.103,0.154
"113","Emory",102,1405,562,3661,0.23,0.383774924883912,0.153509969953565,22,7,0.759,0.03,0.13
"114","Endicott",103,1236,470,3365,0.228,0.367310549777117,0.139673105497771,22,9,0.71,0.103,0.07
"115","Eureka",95,845,447,3357,0.119,0.251712838844206,0.133154602323503,8,19,0.296,0.063,0.114
"116","Farmingdale St.",77,827,395,2366,0.183,0.349535080304311,0.166948436179205,15,8,0.652,NA,NA
"117","FDU-Florham",85,806,466,3002,0.113,0.268487674883411,0.155229846768821,13,12,0.52,NA,NA
"118","Ferrum",105,1042,613,3320,0.129,0.313855421686747,0.184638554216867,9,19,0.321,NA,NA
"119","Finlandia",66,527,376,2083,0.072,0.253000480076812,0.180508881421027,1,19,0.05,NA,NA
"120","Fitchburg St.",71,526,442,2219,0.038,0.237043713384407,0.199188823794502,5,15,0.25,NA,NA
"121","Fontbonne",91,1056,506,3338,0.165,0.316357100059916,0.151587777112043,15,11,0.577,0.032,0.129
"122","Framingham St.",106,1001,508,3347,0.147,0.299073797430535,0.151777711383328,17,12,0.586,0.109,0.043
"123","Franciscan",82,917,541,3418,0.11,0.268285547103569,0.158279695728496,9,14,0.391,NA,NA
"124","Franklin",90,933,518,2974,0.14,0.313718897108272,0.174176193678547,8,16,0.333,NA,NA
"125","Franklin & Marshall",95,1147,494,3299,0.198,0.347681115489542,0.149742346165505,18,9,0.667,NA,NA
"126","Fredonia",86,804,528,2966,0.093,0.271072151045179,0.17801753202967,4,20,0.167,NA,NA
"127","Gallaudet",119,1293,547,3701,0.202,0.349365036476628,0.147797892461497,19,15,0.559,NA,NA
"128","Geneva",105,1092,559,4083,0.131,0.267450404114622,0.136909135439628,9,17,0.346,NA,NA
"129","George Fox",88,1018,424,3257,0.182,0.3125575683144,0.130181148295978,12,11,0.522,0.067,0.066
"130","Gettysburg",99,1166,471,3461,0.201,0.336896850621208,0.136087835885582,21,6,0.778,NA,NA
"131","Gordon",111,1247,517,3136,0.233,0.397640306122449,0.164859693877551,16,14,0.533,0.068,0.12
"132","Goucher",90,757,573,3028,0.061,0.25,0.189233817701453,4,23,0.148,NA,NA
"133","Greensboro",128,1551,730,4718,0.174,0.32874099194574,0.154726579058923,20,13,0.606,NA,NA
"134","Greenville",102,1240,547,3760,0.184,0.329787234042553,0.145478723404255,22,7,0.759,0.029,0.029
"135","Grinnell",106,1241,539,4020,0.175,0.308706467661692,0.13407960199005,17,11,0.607,0.095,0.053
"136","Grove City",111,1198,620,4371,0.132,0.274079158087394,0.141843971631206,18,11,0.621,NA,NA
"137","Guilford",88,884,447,2900,0.151,0.304827586206897,0.154137931034483,6,17,0.261,NA,NA
"138","Gust. Adolphus",108,1432,475,4117,0.232,0.347826086956522,0.115375273257226,26,5,0.839,NA,NA
"139","Gwynedd Mercy",100,942,517,3257,0.13,0.289223211544366,0.158735032238256,8,18,0.308,NA,NA
"140","Hamilton",68,772,370,2312,0.174,0.333910034602076,0.160034602076125,8,11,0.421,0.107,0.121
"141","Hamline",99,946,526,3503,0.12,0.270054239223523,0.150157008278618,6,22,0.214,0.108,0.115
"142","Hanover",102,1066,490,3698,0.156,0.288263926446728,0.13250405624662,13,14,0.481,0.056,0.077
"143","Hardin-Simmons",94,1218,483,3694,0.199,0.329723876556578,0.130752571737953,14,10,0.583,NA,NA
"144","Hartwick",91,1078,429,2990,0.217,0.360535117056856,0.143478260869565,20,5,0.8,NA,NA
"145","Haverford",87,995,454,3030,0.179,0.328382838283828,0.14983498349835,12,11,0.522,0.075,0.097
"146","Heidelberg",104,1116,539,3707,0.156,0.30105206366334,0.14540059347181,8,18,0.308,0.044,0.068
"147","Hendrix",79,986,470,3040,0.17,0.324342105263158,0.154605263157895,10,13,0.435,NA,NA
"148","Hilbert",88,669,526,2525,0.057,0.264950495049505,0.208316831683168,4,21,0.16,NA,NA
"149","Hiram",104,1100,490,4035,0.151,0.272614622057001,0.121437422552664,15,13,0.536,NA,NA
"150","Hollins",96,819,597,2815,0.079,0.290941385435169,0.212078152753108,8,21,0.276,NA,NA
"151","Hood",96,961,542,3167,0.132,0.303441742974424,0.17113988001263,8,18,0.308,NA,NA
"152","Hope",113,1545,532,4166,0.243,0.370859337493999,0.127700432069131,24,8,0.75,0.068,0.064
"153","Houghton",79,854,390,2601,0.178,0.328335255670896,0.149942329873126,10,14,0.417,NA,NA
"154","Howard Payne",84,769,500,3147,0.085,0.244359707658087,0.158881474420083,3,23,0.115,NA,NA
"155","Hunter",98,1076,495,3035,0.191,0.354530477759473,0.163097199341021,19,11,0.633,NA,NA
"156","Huntingdon",127,1593,562,4645,0.222,0.342949407965554,0.120990312163617,28,9,0.757,NA,NA
"157","Husson",89,828,441,2636,0.147,0.314112291350531,0.167298937784522,12,11,0.522,0.198,0.146
"158","IIT",94,988,517,3264,0.144,0.302696078431373,0.158394607843137,14,11,0.56,0.087,0.094
"159","Ill. Wesleyan",112,1378,659,4337,0.166,0.317731150564907,0.151948351394973,17,12,0.586,0.089,0.083
"160","Illinois Col.",106,1123,593,3747,0.141,0.299706431812116,0.158259941286362,12,18,0.4,0.069,0.069
"161","Immaculata",68,576,326,2148,0.116,0.268156424581006,0.151769087523277,6,14,0.3,NA,NA
"162","Ithaca",116,1398,566,3812,0.218,0.366736621196222,0.148478488982162,25,5,0.833,0.106,0.064
"163","John Carroll",104,1341,526,3881,0.21,0.345529502705488,0.135532079360989,21,8,0.724,NA,NA
"164","John Jay",97,935,567,3011,0.122,0.310528063766191,0.188309531717038,14,14,0.5,NA,NA
"165","Johns Hopkins",117,1456,591,3804,0.227,0.382754994742376,0.155362776025237,24,8,0.75,NA,NA
"166","Juniata",118,1651,534,4101,0.272,0.402584735430383,0.130212143379663,34,1,0.971,0.192,0.069
"167","JWU (Providence)",106,1266,630,3467,0.183,0.365157196423421,0.181713296798385,20,12,0.625,0.067,0.094
"168","Kalamazoo",82,719,487,2438,0.095,0.294913863822806,0.199753896636587,8,15,0.348,0.046,0.122
"169","Kean",120,1405,544,4019,0.214,0.349589450111968,0.135357053993531,21,13,0.618,0.043,0.043
"170","Keene St.",101,1089,508,3462,0.168,0.314558058925477,0.146735990756788,13,15,0.464,NA,NA
"171","Kenyon",96,911,489,3335,0.127,0.273163418290855,0.146626686656672,5,21,0.192,NA,NA
"172","Keuka",93,893,530,3190,0.114,0.279937304075235,0.166144200626959,9,16,0.36,NA,NA
"173","Keystone",93,788,435,2732,0.129,0.288433382137628,0.159224011713031,13,13,0.5,NA,NA
"174","King's (PA)",94,990,472,3154,0.164,0.313887127457197,0.149651236525048,18,10,0.643,NA,NA
"175","Knox",82,824,489,2752,0.122,0.299418604651163,0.177688953488372,6,17,0.261,0.072,0.097
"176","La Roche",92,875,476,3401,0.117,0.257277271390767,0.139958835636577,12,15,0.444,NA,NA
"177","La Verne",102,1279,567,3657,0.195,0.349740224227509,0.155045118949959,17,10,0.63,0.071,0.091
"178","LaGrange",90,614,565,2881,0.017,0.213120444290177,0.196112460951059,4,23,0.148,NA,NA
"179","Lake Forest",107,1199,631,3784,0.15,0.316860465116279,0.166754756871036,16,13,0.552,0.077,0.154
"180","Lakeland",112,1382,611,4117,0.187,0.335681321350498,0.148409035705611,16,14,0.533,0.081,0.103
"181","Lancaster Bible",108,1154,638,3757,0.137,0.307159968059622,0.169816342826723,18,12,0.6,NA,NA
"182","Lasell",118,1132,574,3384,0.165,0.33451536643026,0.169621749408983,20,14,0.588,0.082,0.104
"183","Lawrence",88,619,503,2754,0.042,0.22476397966594,0.182643427741467,1,26,0.037,0.062,0.121
"184","Lebanon Valley",94,1091,514,3228,0.179,0.337980173482032,0.159231722428748,16,9,0.64,NA,NA
"185","Lehman",71,436,427,1914,0.005,0.227795193312435,0.223092998955068,6,16,0.273,NA,NA
"186","LeTourneau",109,1240,521,4057,0.177,0.30564456494947,0.128420014789253,15,12,0.556,NA,NA
"187","Lewis & Clark",70,644,423,2497,0.089,0.257909491389668,0.169403283940729,2,19,0.095,0.066,0.119
"188","Linfield",90,937,493,3093,0.144,0.302942127384416,0.159392175881022,8,15,0.348,0.075,0.108
"189","Loras",96,1052,583,3639,0.129,0.289090409453146,0.160208848584776,8,19,0.296,0.087,0.072
"190","Luther",102,1054,501,3588,0.154,0.293756967670011,0.139632107023411,8,20,0.286,0.098,0.078
"191","Lycoming",85,770,475,2645,0.112,0.291115311909263,0.179584120982987,11,13,0.458,NA,NA
"192","Lynchburg",95,1107,499,3483,0.175,0.317829457364341,0.143267298306058,15,12,0.556,NA,NA
"193","Macalester",103,1099,498,3737,0.161,0.294086165373294,0.133261974846133,14,13,0.519,NA,NA
"194","Maine Maritime",88,1011,395,2644,0.233,0.382375189107413,0.149394856278366,21,4,0.84,NA,NA
"195","Manchester",109,1092,605,3677,0.132,0.296981234702203,0.164536306771825,14,15,0.483,0.041,0.074
"196","Manhattanville",101,1269,498,3567,0.216,0.355761143818335,0.139613120269134,24,7,0.774,0.061,0.085
"197","Maranatha Baptist",99,1120,464,3257,0.201,0.343874731347866,0.142462388701259,22,5,0.815,NA,NA
"198","Marian (WI)",111,1074,626,3686,0.122,0.291372761801411,0.169831795984807,8,23,0.258,0.097,0.098
"199","Marietta",99,1284,478,3575,0.225,0.359160839160839,0.133706293706294,19,9,0.679,NA,NA
"200","Martin Luther",94,926,571,3141,0.113,0.294810569882203,0.181789239095829,10,16,0.385,NA,NA
"201","Mary Baldwin",116,1101,716,3568,0.108,0.308576233183857,0.20067264573991,2,30,0.062,NA,NA
"202","Mary Hardin-Baylor",96,1171,396,3920,0.198,0.298724489795918,0.101020408163265,17,8,0.68,0.054,0.021
"203","Mary Washington",124,1571,523,4552,0.23,0.3451230228471,0.114894551845343,26,8,0.765,NA,NA
"204","Marymount (VA)",125,1434,602,4008,0.208,0.357784431137725,0.150199600798403,19,15,0.559,NA,NA
"205","Maryville (TN)",107,1292,556,3613,0.204,0.357597564350955,0.153888735123166,22,9,0.71,0.13,0.104
"206","Marywood",111,1068,646,3432,0.123,0.311188811188811,0.188228438228438,14,17,0.452,NA,NA
"207","Mass. Maritime",62,439,329,1902,0.058,0.23080967402734,0.172975814931651,3,17,0.15,NA,NA
"208","McDaniel",76,649,466,2387,0.077,0.271889400921659,0.195224130708002,2,20,0.091,NA,NA
"209","MCLA",88,897,496,3082,0.13,0.291044776119403,0.160934458144062,16,8,0.667,NA,NA
"210","McMurry",92,1096,455,3647,0.176,0.300520976144777,0.124760076775432,12,12,0.5,NA,NA
"211","Me.-Presque Isle",69,442,358,2016,0.042,0.219246031746032,0.177579365079365,3,20,0.13,0.076,0.128
"212","Medaille",106,910,548,3493,0.104,0.260521042084168,0.156885198969367,6,23,0.207,NA,NA
"213","Merchant Marine",79,911,430,2612,0.184,0.348774885145482,0.164624808575804,15,7,0.682,NA,NA
"214","Meredith",119,1453,512,3895,0.242,0.373042362002567,0.131450577663671,20,12,0.625,NA,NA
"215","Messiah",104,1259,566,3657,0.189,0.344271260596117,0.154771670768389,19,10,0.655,NA,NA
"216","Methodist",112,1197,528,3958,0.169,0.302425467407782,0.133400707427994,12,18,0.4,NA,NA
"217","Middlebury",83,955,426,3017,0.175,0.316539608882996,0.141199867417965,14,10,0.583,0.093,0.082
"218","Millikin",124,1629,654,4789,0.204,0.34015452077678,0.136562956775945,23,11,0.676,0.083,0.112
"219","Millsaps",87,921,577,3326,0.103,0.276909200240529,0.173481659651233,7,16,0.304,NA,NA
"220","Minn.-Morris",88,1002,432,3082,0.185,0.325113562621674,0.140168721609345,13,13,0.5,NA,NA
"221","Misericordia",116,1342,609,3685,0.199,0.364179104477612,0.165264586160109,22,10,0.688,NA,NA
"222","MIT",109,1401,492,3659,0.248,0.382891500409948,0.13446296802405,27,6,0.818,0.101,0.091
"223","Mitchell",81,768,378,2775,0.141,0.276756756756757,0.136216216216216,12,12,0.5,0.088,0.132
"224","Monmouth (IL)",94,1015,502,3639,0.141,0.278922780983787,0.137949986259962,11,15,0.423,0.043,0.043
"225","Montclair St.",107,1208,547,3730,0.177,0.323860589812332,0.146648793565684,17,13,0.567,0.206,0.072
"226","Moravian",108,1048,529,3809,0.136,0.275137831451825,0.13888159621948,12,18,0.4,NA,NA
"227","Mount Aloysius",104,1077,558,3482,0.149,0.309304997128087,0.160252728317059,11,17,0.393,NA,NA
"228","Mount Holyoke",86,764,427,2625,0.128,0.291047619047619,0.162666666666667,13,12,0.52,0.102,0.115
"229","Mount Mary",112,1029,628,3761,0.107,0.27359744748737,0.166976867854294,8,23,0.258,0.076,0.082
"230","Mount Union",100,1283,478,3862,0.208,0.332211289487312,0.123770067322631,19,8,0.704,NA,NA
"231","MSOE",88,887,551,3062,0.11,0.289679947746571,0.179947746570869,4,21,0.16,NA,NA
"232","Mt. St. Joseph",106,1302,531,3745,0.206,0.347663551401869,0.141789052069426,22,7,0.759,0.118,0.065
"233","Mt. St. Mary (NY)",89,776,432,2715,0.127,0.285819521178637,0.159116022099448,11,15,0.423,NA,NA
"234","Muhlenberg",92,1025,579,3425,0.13,0.299270072992701,0.169051094890511,13,13,0.5,NA,NA
"235","Muskingum",92,1160,419,3505,0.211,0.33095577746077,0.119543509272468,18,8,0.692,0.097,0.098
"236","MUW",75,653,409,2605,0.094,0.250671785028791,0.15700575815739,8,15,0.348,NA,NA
"237","N.C. Wesleyan",104,1111,642,3668,0.128,0.30288985823337,0.175027262813522,9,20,0.31,NA,NA
"238","Nazareth",110,1096,607,3491,0.14,0.313950157547981,0.173875680320825,10,19,0.345,0.1,0.04
"239","Neb. Wesleyan",109,1202,506,4070,0.171,0.295331695331695,0.124324324324324,19,11,0.633,NA,NA
"240","Neumann",109,1177,667,3898,0.131,0.301949717804002,0.171113391482812,12,19,0.387,0.061,0.061
"241","New England Col.",108,1081,566,3492,0.147,0.309564719358534,0.162084765177549,11,18,0.379,NA,NA
"242","New Jersey City",102,1051,547,3117,0.162,0.337183188963747,0.175489252486365,17,12,0.586,0.128,0.098
"243","Nichols",90,937,481,2838,0.161,0.330162085976039,0.169485553206483,15,11,0.577,NA,NA
"244","North Central (IL)",95,1142,517,3395,0.184,0.336377025036819,0.152282768777614,14,11,0.56,NA,NA
"245","North Central (MN)",98,988,550,3296,0.133,0.299757281553398,0.166868932038835,16,12,0.571,0.107,0.131
"246","North Park",116,1532,685,4509,0.188,0.339764914615214,0.15191838545132,23,9,0.719,NA,NA
"247","Northland",90,963,590,3394,0.11,0.283736004714202,0.173836181496759,11,13,0.458,0.045,0.105
"248","Northwestern-St. Paul",129,1768,545,4577,0.267,0.386279222197946,0.119073629014638,34,3,0.919,NA,NA
"249","Norwich",81,857,399,2520,0.182,0.340079365079365,0.158333333333333,15,9,0.625,NA,NA
"250","Notre Dame (MD)",84,823,493,3022,0.109,0.272336201191264,0.163136995367306,17,8,0.68,NA,NA
"251","NVU-Johnson",75,696,292,2083,0.194,0.334133461353817,0.14018242918867,10,11,0.476,0.067,0.116
"252","NYU",136,1759,612,4838,0.237,0.363579991732121,0.126498553121124,29,7,0.806,NA,NA
"253","Oberlin",84,882,476,2685,0.151,0.328491620111732,0.177281191806331,7,16,0.304,NA,NA
"254","Occidental",79,870,489,2690,0.142,0.323420074349442,0.1817843866171,6,17,0.261,0.098,0.082
"255","Oglethorpe",98,1211,611,3811,0.157,0.317764366308056,0.160325373917607,14,13,0.519,NA,NA
"256","Ohio Northern",100,1332,529,3798,0.211,0.350710900473934,0.13928383359663,16,10,0.615,NA,NA
"257","Ohio Wesleyan",91,1129,504,3273,0.191,0.344943476932478,0.153987167736022,12,14,0.462,0.101,0.056
"258","Old Westbury",64,588,421,1930,0.087,0.304663212435233,0.218134715025907,9,10,0.474,NA,NA
"259","Olivet",90,838,544,2926,0.1,0.286397812713602,0.185919343814081,4,21,0.16,0.98,0.195
"260","Oswego St.",103,1111,479,3276,0.193,0.339133089133089,0.146214896214896,17,11,0.607,NA,NA
"261","Otterbein",106,1422,535,3830,0.232,0.371279373368146,0.139686684073107,23,6,0.793,0.112,0.147
"262","Pacific (OR)",92,1071,529,3379,0.16,0.316957679786919,0.156555193844333,13,10,0.565,0.088,0.111
"263","Pacific Lutheran",94,1040,472,3452,0.165,0.301274623406721,0.136732329084589,15,9,0.625,0.089,0.082
"264","Penn College",69,484,336,2083,0.071,0.232357177148344,0.161305808929429,2,19,0.095,NA,NA
"265","Penn St. Harrisburg",94,1038,459,3123,0.185,0.332372718539865,0.146974063400576,14,11,0.56,NA,NA
"266","Penn St.-Abington",69,616,317,2081,0.144,0.296011532916867,0.152330610283518,10,10,0.5,NA,NA
"267","Penn St.-Altoona",93,1031,521,3576,0.143,0.28831096196868,0.145693512304251,11,13,0.458,NA,NA
"268","Penn St.-Behrend",107,1209,490,3712,0.194,0.325700431034483,0.132004310344828,15,14,0.517,NA,NA
"269","Penn St.-Berks",110,1245,628,3857,0.16,0.322789732953072,0.16282084521649,19,10,0.655,NA,NA
"270","Pfeiffer",119,1288,543,4061,0.183,0.317163260280719,0.133710908643191,7,25,0.219,0.076,0.091
"271","Piedmont",96,897,572,3846,0.085,0.233229329173167,0.148725949037962,6,21,0.222,NA,NA
"272","Pitt.-Bradford",100,1050,596,3504,0.13,0.299657534246575,0.170091324200913,11,16,0.407,NA,NA
"273","Pitt.-Greensburg",72,613,438,2647,0.066,0.231582924064979,0.165470343785417,2,20,0.091,NA,NA
"274","Plattsburgh St.",84,824,520,2741,0.111,0.300620211601605,0.189711784020431,7,16,0.304,NA,NA
"275","Plymouth St.",99,1184,498,3319,0.207,0.356733956010847,0.150045194335643,21,7,0.75,0.075,0.107
"276","Pomona-Pitzer",94,1143,492,3427,0.19,0.333527866939014,0.143565800992121,17,9,0.654,0.058,0.058
"277","Pratt",81,807,494,2588,0.121,0.311823802163833,0.190880989180835,12,11,0.522,NA,NA
"278","Puget Sound",98,1154,495,3630,0.182,0.317906336088154,0.136363636363636,14,11,0.56,0.078,0.067
"279","Ramapo",75,735,347,2396,0.162,0.306761268781302,0.144824707846411,10,10,0.5,0.078,0.091
"280","Randolph",91,903,514,2973,0.131,0.303733602421796,0.17288933736966,11,15,0.423,NA,NA
"281","Randolph-Macon",107,1315,563,3599,0.209,0.365379272020006,0.15643234231731,23,7,0.767,NA,NA
"282","Redlands",72,584,424,2177,0.073,0.268259072117593,0.194763435920992,2,19,0.095,NA,NA
"283","Regis (MA)",119,1265,563,3851,0.182,0.328486107504544,0.146195793300441,20,13,0.606,0.105,0.129
"284","Rhode Island Col.",73,630,349,2154,0.13,0.292479108635098,0.162024141132776,7,15,0.318,0.036,0.073
"285","Rhodes",97,1078,572,3477,0.146,0.310037388553351,0.164509634742594,9,17,0.346,0.046,0.061
"286","Ripon",94,941,582,3640,0.099,0.258516483516484,0.15989010989011,5,21,0.192,0.084,0.085
"287","RIT",119,1313,651,3577,0.185,0.367067374895164,0.181996086105675,16,17,0.485,NA,NA
"288","Rivier",104,1220,493,3251,0.224,0.375269147954476,0.151645647493079,26,5,0.839,0.133,0.144
"289","Roanoke",98,1100,571,3359,0.157,0.327478416195296,0.169991068770467,13,13,0.5,NA,NA
"290","Rochester (NY)",99,1088,607,3381,0.142,0.321798284531204,0.179532682638273,13,14,0.481,NA,NA
"291","Rockford",95,926,512,3209,0.129,0.288563415394204,0.159551262075413,5,22,0.185,0.093,0.108
"292","Roger Williams",87,783,477,2749,0.111,0.284830847580939,0.173517642779192,5,20,0.2,0.083,0.056
"293","Rose-Hulman",98,1092,502,3727,0.158,0.292997048564529,0.134692782398712,14,12,0.538,0.1,0.106
"294","Rosemont",71,585,358,2117,0.107,0.276334435521965,0.169107227208314,8,14,0.364,NA,NA
"295","Rowan",111,1300,598,3908,0.18,0.332650972364381,0.153019447287615,24,7,0.774,NA,NA
"296","Russell Sage",105,869,581,3363,0.086,0.258400237882843,0.172762414510853,4,25,0.138,NA,NA
"297","Rutgers-Camden",105,1112,620,3429,0.143,0.324292796733742,0.180810731991834,14,15,0.483,NA,NA
"298","Rutgers-Newark",62,424,366,1886,0.031,0.224814422057264,0.19406150583245,1,18,0.053,NA,NA
"299","Saint Benedict",100,1266,588,4011,0.169,0.315632011967091,0.146596858638743,15,12,0.556,0.08,0.061
"300","Saint Joseph (CT)",95,802,511,2987,0.097,0.268496819551389,0.171074656846334,6,21,0.222,NA,NA
"301","Saint Mary's (MN)",99,1127,536,3711,0.159,0.303691727297224,0.144435462139585,9,18,0.333,NA,NA
"302","Saint Vincent",95,1107,542,4059,0.139,0.272727272727273,0.133530426213353,17,9,0.654,NA,NA
"303","Salem (NC)",117,1507,553,4148,0.23,0.363307618129219,0.133317261330762,21,10,0.677,0.044,0.111
"304","Salem St.",74,537,399,2264,0.061,0.237190812720848,0.176236749116608,6,15,0.286,NA,NA
"305","Salisbury",111,1385,608,4224,0.184,0.327888257575758,0.143939393939394,21,9,0.7,NA,NA
"306","Salve Regina",89,1047,523,3336,0.157,0.313848920863309,0.156774580335731,15,10,0.6,0.079,0.103
"307","Sarah Lawrence",93,756,495,3001,0.087,0.25191602799067,0.164945018327224,13,16,0.448,NA,NA
"308","Schreiner",118,1245,673,4775,0.12,0.260732984293194,0.140942408376963,11,19,0.367,0.08,0.08
"309","Scranton",131,1611,698,4797,0.19,0.335834896810507,0.145507608922243,22,13,0.629,NA,NA
"310","Sewanee",95,948,449,3409,0.146,0.278087415664418,0.131710178938105,10,16,0.385,NA,NA
"311","Shenandoah",94,988,501,3179,0.153,0.310789556464297,0.157596728530985,8,17,0.32,NA,NA
"312","Simmons",106,1208,492,3504,0.204,0.344748858447489,0.14041095890411,18,11,0.621,0.068,0.123
"313","Simpson",94,1085,541,3310,0.164,0.327794561933535,0.163444108761329,13,12,0.52,0.073,0.073
"314","Skidmore",94,991,493,3157,0.158,0.313905606588533,0.156160912258473,10,15,0.4,0.101,0.091
"315","Smith",121,1320,638,3784,0.18,0.348837209302326,0.168604651162791,21,11,0.656,0.108,0.108
"316","Southern Me.",95,835,500,3043,0.11,0.274400262898455,0.164311534669734,6,20,0.231,0.114,0.121
"317","Southern Va.",126,1483,658,4380,0.188,0.338584474885845,0.150228310502283,27,8,0.771,NA,NA
"318","Southwestern (TX)",101,1278,523,3833,0.197,0.333420297417167,0.136446647534568,16,11,0.593,0.073,0.094
"319","Spalding",101,1062,641,3663,0.115,0.28992628992629,0.174993174993175,8,18,0.308,NA,NA
"320","Springfield",98,1105,511,3203,0.185,0.344989072744302,0.159537933187637,18,9,0.667,0.09,0.101
"321","St. Catherine",99,1177,573,3537,0.171,0.332767882386203,0.162001696352841,18,8,0.692,NA,NA
"322","St. John Fisher",101,1195,463,3463,0.211,0.345076523245741,0.133699104822408,21,8,0.724,0.137,0.126
"323","St. Joseph's (Brkln)",63,491,344,1897,0.077,0.258829731154454,0.181338956246705,6,12,0.333,NA,NA
"324","St. Joseph's (L.I.)",103,1065,547,3437,0.151,0.309863252836776,0.159150421879546,17,12,0.586,0.127,0.152
"325","St. Joseph's (ME)",114,1041,647,3760,0.105,0.27686170212766,0.172074468085106,13,18,0.419,0.072,0.091
"326","St. Lawrence",95,878,501,2993,0.126,0.293351152689609,0.167390578015369,7,19,0.269,0.122,0.074
"327","St. Mary's (IN)",94,949,542,3270,0.124,0.290214067278287,0.165749235474006,5,19,0.208,0.074,0.061
"328","St. Mary's (MD)",79,658,434,2345,0.096,0.280597014925373,0.185074626865672,7,16,0.304,0.041,0.082
"329","St. Norbert",111,1268,583,3882,0.176,0.326635754765585,0.150180319422978,17,14,0.548,0.082,0.082
"330","St. Olaf",118,1461,611,4313,0.197,0.338743334106191,0.141664734523534,16,13,0.552,0.086,0.107
"331","St. Scholastica",89,1039,450,3536,0.167,0.293834841628959,0.127262443438914,11,12,0.478,0.057,0.048
"332","St. Thomas (TX)",112,1309,514,4040,0.197,0.324009900990099,0.127227722772277,20,11,0.645,0.052,0.078
"333","Stevens",128,1494,691,4311,0.186,0.346555323590814,0.160287636279286,24,10,0.706,0.038,0.152
"334","Stevenson",109,1367,489,3924,0.224,0.348369011213048,0.124617737003058,25,6,0.806,NA,NA
"335","Stockton",104,1301,501,3382,0.237,0.38468361916026,0.148137196924897,20,9,0.69,NA,NA
"336","Suffolk",103,1160,591,3355,0.17,0.34575260804769,0.176154992548435,20,10,0.667,0.155,0.169
"337","Sul Ross St.",77,877,444,2655,0.163,0.330320150659134,0.167231638418079,8,13,0.381,0.082,0.051
"338","SUNY Brockport",105,1249,513,3715,0.198,0.336204576043069,0.138088829071332,20,8,0.714,NA,NA
"339","SUNY Canton",78,675,395,2607,0.107,0.25891829689298,0.151515151515152,6,16,0.273,NA,NA
"340","SUNY Cortland",100,1215,526,3302,0.209,0.367958812840703,0.159297395517868,22,6,0.786,NA,NA
"341","SUNY Delhi",93,916,513,3403,0.118,0.26917425800764,0.150749338818689,15,11,0.577,NA,NA
"342","SUNY Geneseo",88,937,432,3104,0.163,0.301868556701031,0.139175257731959,12,12,0.5,NA,NA
"343","SUNY Maritime",72,483,452,2032,0.015,0.237696850393701,0.22244094488189,2,20,0.091,NA,NA
"344","SUNY Morrisville",116,1384,572,3509,0.231,0.394414363066401,0.163009404388715,23,8,0.742,NA,NA
"345","SUNY New Paltz",86,1069,409,2822,0.234,0.378809355067328,0.144932671863926,21,4,0.84,NA,NA
"346","SUNY Oneonta",92,981,467,3029,0.17,0.323869263783427,0.154176295807197,11,14,0.44,0.06,0.18
"347","SUNY Poly",89,589,520,2625,0.026,0.224380952380952,0.198095238095238,0,25,0,NA,NA
"348","SUNY Potsdam",104,1000,586,3532,0.117,0.28312570781427,0.165911664779162,15,13,0.536,NA,NA
"349","Susquehanna",113,1326,548,3989,0.195,0.332414138881925,0.137377788919529,15,15,0.5,0.068,0.084
"350","Swarthmore",89,1079,419,3020,0.219,0.357284768211921,0.138741721854305,17,9,0.654,0.078,0.104
"351","Texas Lutheran",141,1758,598,5409,0.214,0.325013865779257,0.110556479940839,27,10,0.73,0.141,0.077
"352","Texas-Dallas",102,1290,522,3869,0.199,0.333419488239855,0.134918583613337,21,6,0.778,0.061,0.143
"353","Thiel",124,1427,687,4700,0.157,0.303617021276596,0.146170212765957,19,11,0.633,NA,NA
"354","Transylvania",117,1613,557,4137,0.255,0.389896059946821,0.134638627024414,28,6,0.824,NA,NA
"355","Trine",82,892,483,2917,0.14,0.305793623585876,0.165581076448406,12,11,0.522,0.047,0.121
"356","Trinity (CT)",83,914,454,2724,0.169,0.335535976505139,0.166666666666667,9,14,0.391,0.084,0.076
"357","Trinity (TX)",123,1587,541,4193,0.249,0.378487956117338,0.129024564750775,30,5,0.857,0.123,0.069
"358","Tufts",106,1378,549,3785,0.219,0.364068692206077,0.145046235138705,23,6,0.793,0.084,0.071
"359","U New England",93,824,480,2890,0.119,0.285121107266436,0.166089965397924,6,17,0.261,0.106,0.071
"360","UC Santa Cruz",96,1249,516,3391,0.216,0.368327926865231,0.152167502211737,19,6,0.76,NA,NA
"361","UChicago",128,1573,655,4830,0.19,0.325672877846791,0.135610766045549,20,13,0.606,0.069,0.07
"362","UMass Boston",91,840,474,2809,0.13,0.299038803844785,0.1687433250267,8,18,0.308,0.147,0.029
"363","UMass Dartmouth",96,1121,490,3246,0.194,0.345348120764017,0.150955021565003,19,8,0.704,0.115,0.123
"364","Union (NY)",102,1099,589,3377,0.151,0.325436778205508,0.174415161385845,13,15,0.464,0.104,0.104
"365","Ursinus",79,857,398,2511,0.183,0.341298287534847,0.158502588610115,15,9,0.625,0.022,0.087
"366","Utica",108,1031,497,3601,0.148,0.286309358511525,0.1380172174396,17,12,0.586,NA,NA
"367","UW-River Falls",123,1563,769,4537,0.175,0.344500771434869,0.169495261185806,22,12,0.647,0.078,0.068
"368","Va. Wesleyan",101,1264,532,3428,0.214,0.368728121353559,0.155192532088681,20,8,0.714,NA,NA
"369","Vassar",89,732,538,2792,0.069,0.262177650429799,0.19269340974212,4,21,0.16,NA,NA
"370","Wartburg",93,1116,463,3303,0.198,0.337874659400545,0.140175597941266,15,11,0.577,0.126,0.049
"371","Wash. & Jeff.",88,1031,484,3439,0.159,0.29979645245711,0.140738586798488,11,12,0.478,NA,NA
"372","Wash. & Lee",123,1418,639,4523,0.172,0.31350873314172,0.141277912889675,19,11,0.633,NA,NA
"373","Washington Col.",85,849,490,2634,0.136,0.322323462414579,0.186028853454822,10,14,0.417,NA,NA
"374","WashU",131,1746,556,4688,0.254,0.372440273037543,0.118600682593857,30,6,0.833,0.078,0.103
"375","Waynesburg",81,644,526,3386,0.035,0.190194920259894,0.155345540460721,3,22,0.12,NA,NA
"376","Webster",109,1155,594,4131,0.136,0.279593318809005,0.143790849673203,15,12,0.556,0.067,0.089
"377","Wellesley",91,969,565,3067,0.132,0.315943919139224,0.184219106618846,8,17,0.32,0.086,0.107
"378","Wells",96,917,450,3050,0.153,0.300655737704918,0.147540983606557,13,13,0.5,0.132,0.16
"379","Wentworth",95,992,531,2989,0.154,0.331883573101372,0.177651388424222,15,10,0.6,0.11,0.09
"380","Wesleyan (CT)",97,1251,394,3319,0.258,0.376920759264839,0.118710454956312,24,4,0.857,NA,NA
"381","Wesleyan (GA)",51,325,268,1515,0.038,0.214521452145215,0.176897689768977,7,18,0.28,NA,NA
"382","WestConn",90,1011,496,2859,0.18,0.353620146904512,0.173487233298356,14,11,0.56,NA,NA
"383","Western New Eng.",112,1202,607,3920,0.152,0.306632653061225,0.15484693877551,17,13,0.567,0.172,0.134
"384","Westfield St.",88,903,375,2955,0.179,0.305583756345178,0.126903553299492,13,12,0.52,NA,NA
"385","Westminster (MO)",145,1622,827,5146,0.154,0.315196268946755,0.160707345511077,19,17,0.528,NA,NA
"386","Westminster (PA)",107,1032,619,4051,0.102,0.254751913107875,0.152801777338929,5,24,0.172,NA,NA
"387","Wheaton (IL)",107,1091,562,3459,0.153,0.315409077768141,0.162474703671581,11,17,0.393,0.088,0.082
"388","Wheaton (MA)",99,1080,503,3195,0.181,0.338028169014085,0.157433489827856,11,15,0.423,0.112,0.15
"389","Whitman",90,1030,485,3306,0.165,0.311554748941319,0.14670296430732,10,14,0.417,0.084,0.094
"390","Whittier",97,996,534,3312,0.139,0.300724637681159,0.161231884057971,9,16,0.36,0.067,0.037
"391","Whitworth",96,1164,500,3381,0.196,0.344276841171251,0.147885241052943,17,7,0.708,0.083,0.078
"392","Widener",98,1048,531,3382,0.153,0.309875813128326,0.157007687758723,13,14,0.481,NA,NA
"393","Wilkes",99,977,542,3110,0.14,0.314147909967846,0.17427652733119,8,20,0.286,NA,NA
"394","Willamette",83,896,539,3104,0.115,0.288659793814433,0.173646907216495,11,11,0.5,0.084,0.092
"395","William Peace",123,1590,519,4484,0.239,0.354594112399643,0.115744870651204,27,8,0.771,NA,NA
"396","William Smith",81,985,448,2670,0.201,0.368913857677903,0.167790262172285,16,6,0.727,0.068,0.17
"397","Williams",92,1147,480,3277,0.204,0.350015257857797,0.146475434848947,16,9,0.64,0.089,0.104
"398","Wilmington (OH)",99,1026,544,3717,0.13,0.276029055690073,0.146354587032553,9,19,0.321,0.086,0.086
"399","Wilson",80,464,460,1969,0.002,0.235652615540884,0.233621127475876,4,21,0.16,NA,NA
"400","Wis. Lutheran",88,976,530,2840,0.157,0.343661971830986,0.186619718309859,11,12,0.478,0.125,0.161
"401","Wis.-Eau Claire",111,1456,613,4089,0.206,0.356077280508682,0.149914404499878,21,10,0.677,0.089,0.087
"402","Wis.-La Crosse",105,1283,696,3709,0.158,0.345915341062281,0.187651658128876,13,17,0.433,0.072,0.082
"403","Wis.-Oshkosh",141,1779,758,5364,0.19,0.33165548098434,0.14131245339299,31,6,0.838,0.089,0.07
"404","Wis.-Platteville",113,1408,680,4130,0.176,0.3409200968523,0.164648910411622,23,9,0.719,0.062,0.088
"405","Wis.-Stevens Point",129,1626,705,4893,0.188,0.332311465358676,0.144083384426732,26,8,0.765,0.091,0.072
"406","Wis.-Stout",104,1160,526,3670,0.173,0.316076294277929,0.143324250681199,12,16,0.429,0.073,0.086
"407","Wis.-Superior",104,1202,552,4086,0.159,0.294175232501224,0.135095447870778,16,13,0.552,NA,NA
"408","Wis.-Whitewater",129,1666,670,4624,0.215,0.360294117647059,0.144896193771626,27,7,0.794,0.089,0.089
"409","Wittenberg",95,1284,415,3376,0.257,0.380331753554502,0.12292654028436,23,5,0.821,0.056,0.091
"410","Wm. Paterson",102,974,534,3264,0.135,0.298406862745098,0.163602941176471,12,17,0.414,NA,NA
"411","Wooster",83,840,483,3004,0.119,0.279627163781624,0.160785619174434,7,16,0.304,NA,NA
"412","Worcester St.",111,1033,629,3647,0.111,0.283246503975871,0.172470523718124,9,22,0.29,0.086,0.124
"413","WPI",89,1033,509,3105,0.169,0.332689210950081,0.163929146537842,15,9,0.625,0.056,0.056
"414","York (PA)",100,1129,598,3307,0.161,0.341397036589054,0.180828545509525,12,15,0.444,NA,NA
